,heading,website
0,Haus & Grund Essen Immobilien,http://www.hug-essen.de
1,Kuptz und Kompagnon Immobilien GmbH,http://www.kuk-immo.de
2,Absicherung Bewertung Vermittlung SCHRAHE Immobilien,http://www.schrahe-immobilien.de
3,E-Punkt Immobilien GmbH R. Kranich,http://www.epunktimmobilien.com
4,Kuptz und Kompagnon Immobilien GmbH,http://www.kuk-immo.de
5,Özdemir Dr. Rebecca Immobilien,http://www.iv-oezdemir.de
6,Hausverwaltung Privatgrund Sautner GmbH,http://www.privatgrund-sautner.de
7,Immobilienmanagement Peveling-Schlüter,http://www.immobilienmanagement.ruhr
8,GENO-IMMOBILIEN GMBH,http://www.genoimmoessen.de
9,Claus Hebbelmann Immobilien,http://www.hebbelmann-immobilien.de
0,Butz Immobilien,http://www.immobilien-butz.de
1,Frühoff & Partner,http://www.zuhause-in-essen.ruhr
2,Immobilien Schultheis,http://www.immobilien-schultheis.de
3,MiG Immobilien GmbH,https://www.mig-nrw.de/
4,"Gutachterbüro Storb, Ulrich Dipl.-Ing.",http://www.storb.ruhr
5,Lehn Immobilien,http://www.lehn-immobilien.de/
6,Prasst Immobilien GmbH,https://email.freenet.de/service/DomainNochKeinInhalt
7,Dipl. -Kfm. Martin Kutzke,
8,Brockhoff & Partner Immobilien GmbH Vermietung von gewerblichen Immobilien,http://www.brockhoff.de
9,Frohn Immobilien GmbH,http://www.frohn-immobilien.de
0,Haus & Grund Essen GmbH,http://www.hug-essen.de
1,Haus & Grund Essen Immobilien,http://www.hug-essen.de
2,Hebbelmann Claus Immobilien Grundstücksverwaltung,http://www.hebbelmann-immobilien.de
3,Kutzke M.,
4,Nising Immobilien GmbH,
5,Privatgrund Sautner GmbH,http://www.privatgrund-sautner.de
6,Schrahe Immobilien GmbH RDM Immobilienverkauf,http://www.schrahe-immobilien.de
7,Heimatliebe Immobilien GmbH,https://www.heimatliebe-immobilien.de
8,Heimatliebe Immobilien GmbH,https://www.heimatliebe-immobilien.de
9,First Real Estate Partner Britta Hulsman und Sylvia Blume (GbR),http://www.first-real-estate-partner.de
0,Sinnig Immobilien Immobilienberatung,http://www.sinnig-immobilien.de
1,Wohntraumvermittler.de UG (haftungsbeschränkt),http://www.wohntraumvermittler.de
2,myhouse management GmbH & Co. KG,http://www.myhouse-essen.de
3,GENO IMMOBILIEN GmbH,http://www.genoimmoessen.de
4,Engel & Völkers Immobilien Deutschland GmbH Immobilienagentur,http://www.engelvoelkers.de
5,Hagelüken Ralf Immobilien,
6,Kircheis Immobilien,http://www.kircheis-immobilien.de
7,Lockowandt Christian Immobilienmakler,http://lockowandt-immobilien.de
8,Lockowandt Immobilien,http://lockowandt-immobilien.de
9,PRO IMMOBILIA Grundvermögen GmbH & Co. KG,http://www.proimmobilia24.com
0,Bonna Marcus Immobilien,
1,Stubba Immobilien Verwaltungs GmbH,http://www.stubba.de
2,GENO IMMOBILIEN GmbH,http://www.genoimmoessen.de
3,Postbank Immobilien GmbH  Oliver Eichler,https://immobilien.postbank.de/essen
4,S Immobilien GmbH der Sparkasse Essen,http://www.sparkasse-essen.de/immobilien
5,Ewald Projekt Consulting GmbH,http://www.ewaldrealestate.de
6,Postbank Immobilien GmbH Jennifer Frank,http://www.postbank.de
7,Hirschmann Immobilien GmbH,http://www.hirschmann-immobilien.de
8,Schnecke Silvia Immob.,http://www.immobilien-schnecke.de
9,Giershausen GmbH Immobilienbetreuung,http://www.giershausen.com/
0,Hausmann Immobillien GmbH,http://www.hausmann-immobilien.de
1,immoptimum HOME STAGING GbR,http://www.immoptimum.de
2,Merz Helena Immobilien,http://www.merz-immobilien-essen.de
3,Herkendell Friedrich Immob.,http://www.herkendell.net
4,Herkendell Friedrich Immobilien,http://www.herkendell.net
5,Lehn Immobilien,http://www.lehn-immobilien.de/
6,Meissner & Vorwerk Immobilien,http://www.meissner-vorwerk-Immobilien.de
7,Spering Brigitte,http://www.immobilien-brigittespering.de
8,Spering Brigitte,http://www.immobilien-brigittespering.de
9,WunschImmobilien Gisela Walschebauer Immobilien,http://www.wunschimmobilien-walschebauer.de
0,WunschImmobilien Gisela Walschebauer Immobilien,http://www.wunschimmobilien-walschebauer.de
1,45E Immobilien,http://45E-Immobilien.de
2,BNP Paribas Real Estate GmbH,http://www.realestate.bnpparibas.de
3,"Christina Brosch, SABINE TRIPP GbR",http://www.immobilien.tripp.de
4,Falc Immobilien GmbH & Co. KG. Stephan Höpner,https://www.falcimmo.de/Immobilien-Essen-Sued.html
5,Frick Immobilien Immobilien,http://www.carsten-frick.de
6,Glückauf Immobilien,http://www.hug-konzept.de
7,GOTTSCHLING Immobilien GmbH Hausverwalter,http://www.gottschling-immobilien.de
8,Greyfield Real Estate GmbH,http://www.greyfield.de
9,Grundstücksgesellschaft Kettwig mbH & Co. KG,http://www.ggk-essen.de
0,GVA Graw Immobilien GmbH,http://www.gva-leipzig.de
1,Henning Christian Immobilien,http://www.henningimmobilien.de
2,Inter-Wohnungen UG (haftungsbeschränkt),http://www.inter-wohnungen.de
3,Interlodge© UG (haftungsbeschränkt),http://www.interlodge.info
4,Karisma Immobilienservice,http://www.karisma-is.de
5,Karl Hupe Stiftung Wohnungsunternehmen,http://www.karl-hupe-stiftung.de
6,Knoblauch Immobilien,http://www.knoblauch-immobilien.de
7,M+W Immobiliengesellschaft mbH,http://www.mwimmobilien.de
8,Manske und de Vries GbR,http://www.manskedevries.de
9,pantera Living Köln GmbH,http://www.nrw-sothebysrealty.com
0,RKI Verwaltungsgesellschaft mbH,http://www.rki-essen.de
1,RUHR IMMOBILIEN GMBH Immobilienmakler,http://www.ruhr.info
2,"Schwab, Klaus Immobilien RDM",http://www.schwab-immobilien.de
3,Thelen Holding GmbH,http://www.thelen-gruppe.de
4,Thelen Holding GmbH,http://www.thelen-gruppe.de
5,Thelen Immobilien Management GmbH,http://www.thelen-gruppe.de
6,Tschangizian Cora Tschangizian Homestaging,http://www.tschangizian-homestaging.de
7,acasa GmbH Immobilienprojektentwicklung,http://www.bauinform-essen.de
8,Alexanderpark GmbH,http://www.alexanderpark.de
9,ASSR Immobilien GmbH,http://www.realestateonet.com
0,B & B Immobilien GmbH,http://www.db-bau.de
1,Becker Jutta,http://www.jb-e.de
2,Birken Immobilien Immobilienmaklerin,http://www.birken-immobilien.de
3,Boehler Immobilien GmbH,http://www.boehler-gruppe.de
4,Brinkmann H. Immobilen,http://www.immobilien-brinkmann.de
5,Broghammer Bernd Dipl.-Ing. (FH),http://www.intectura.de
6,Budde-Immobilien David Marvin Budde,http://www.immobilien-budde.de
7,"Convido Immobilien, Inh. Tim Förster",http://www.convido.immobilien
8,Croperto KG,http://www.croperto.com
9,Cubion Immobilien AG Niederlassung Essen,http://www.cubion.de
0,Dritte Ruhrstadt Grundbesitz GmbH & Co KG Immobilien,http://www.ruhrstadt-grundbesitz.de
1,Ebert GmbH & Co. KG,http://www.zeche-bonifacius.de
2,Engel & Völkers Gewerbeimmobilien Rheinland GmbH & Co.KG Immobilien,http://www.engelvoelkers.com
3,Eusterbrock GmbH & Co. KG Immobilienverwaltung,http://www.targetmail.de
4,"Gassmann GmbH & Co. KG, Karl Fr.",http://www.kennedyplatz6.de
5,GfI Gesellschaft für Immobilienkonzepte mbH,http://www.bonität-online.com
6,Girardethaus Gebäudeverwaltungs GmbH Immobilienverwaltung,http://www.dasgirardethaus.de
7,Goymann & Görgen GbR quadrat 2,http://www.quadrat-2.de
8,Grips Immobilien-Vermittlung,http://www.grips-immobilien.de
9,Groß Immobilien,http://www.gross-immobilien.de
0,Gründerzentrumgesellschaft Prosper III mbH,http://www.gruenderzentrum-prosper.de
1,Heinrich Paas GmbH & Co. KG,http://www.heinrich-paas.de
2,Helmchen Frank Immobilienbüro,http://www.helmchen-immobilien.de
3,HomeCompany Services GmbH,http://www.essen.homecompany.de
4,HouseConcept e.K. Uwe Pastoors Immobilienbüro,http://www.houseconcept.de
5,Hüsch Immobilien Bastian Hüsch,http://www.huesch-immobilien.de
6,IKG Immobilien Kellner GmbH,http://www.ikg-essen.de
7,Immo-Tec GmbH,http://www.immo-tec-gmbh.de
8,Immo2you GmbH,http://www.imofin.de
9,Immobilien Expertise GmbH,http://www.hypessen.de
0,ImmoStore GmbH,http://www.immostore-immobilien.de
1,iSERMANN Immobilien GmbH,http://www.isermann.immobilien
2,JM Immobilienverwaltung GmbH Immobilienverwaltung,http://www.jm-immobilienverwaltung.de
3,KAISER IMMOBILIEN GmbH,http://www.home.immobilienscout24.de/27Htg
4,Kaiser-Kälte GmbH,
5,Kaiser Kälte GmbH,
6,Kaminski Immobilien Service GmbH Immobilienbüro,http://www.kaminski-essen.de
7,Kempe Immobilien e.K. Immobilienberatung,http://www.kempe.de
8,Kirchner Mahlstedt Immobilien,https://kirchner-immobilien.com/
9,Kirchner Mahlstedt Immobilien,https://kirchner-immobilien.com/
0,Kloss Peter Immob.,http://www.kloss-immo-essen.de
1,Kruck Immobilien,http://www.kruck-immobilien.de
2,Kuptz- und Kompagnon Immobilien GmbH,http://www.kuk-immo.de
3,Kuptz- und Kompagnon Immobilien GmbH,http://www.kuk-immo.de
4,La Casa Immobilien GmbH,http://www.lacasa.de
5,Lindner Immobilien,http://www.lindner-immobilien.net
6,"Lindner Immobilien, Inh. Jörg Lindner",http://www.lindner-immobilien.net
7,Lochner Immobilien GmbH & Co. KG,http://www.lochner-kg.de
8,mbi RUHR ESTATE GmbH,http://www.mbi-re.eu
9,NATIONAL-BANK Immobilien GmbH,http://www.nb-i.de
0,Nengelken Christoph Immobilienverwaltung,http://www.immo-nengelken.de
1,Olbrück Nicole Immobilien-Services,http://www.immobilien-olbrueck.de
2,Ottmann Immob.,http://www.immobilien-ottmann.de
3,Placida Portalis Asset Management GmbH,http://www.placidaportalis.de
4,PlanetHome AG Immobilien,http://www.planethome.de
5,Plückelmann Hannelore Immobilien,http://www.plueckelmann.com
6,Post Rainer Immob.-Kfm.,http://www.rainerpost.de
7,Pro Casa Immobilien GmbH,http://www.pro-casa.com
8,PRO CASA Immobilien GmbH Herr Christian Kirchholtes Herr Heiko Kirschstein,http://www.pro-casa.com
9,Projekt Invest GmbH Immobilienbüro,http://www.etec.de
0,Projekt Invest GmbH Immobilienbüro,http://www.etec.de
1,R + Z Immobilien GmbH Immobilien,http://www.r-z-immobilien.de
2,RAG Montan Immobilien GmbH,http://www.rag-montan-immobilien.de
3,Rasch GmbH Inh. Corinna Spiess Immobilienagentur,http://www.rasch-immobilien.de
4,Rathgeber Immobilien GmbH,http://www.rathgeber-immobilien.de
5,Raves Alexander Immobilienagentur,http://www.raves-immobilien.de
6,RE/MAX Immobilien Essen Immobilienfranchisor,http://www.polat-group.de/
7,REMO Immobilien GmbH Immobilienverwaltung,http://www.remo-immobilien.de
8,Rona Immobilien GmbH,http://www.rona-immo.de
9,Rosenberger Immobilien,http://www.sabine-rosenberger.de
0,Rossig + Partner Arbeitsgemeinschaft Immobilienvermittlung,http://www.rossig-partner.de
1,Ruhrfabrik Unternehmensgruppe,http://www.krell.de
2,Schimbke Immobilien Beratung u. Verkauf Immobilienberatung,http://www.schimbke-immobilien.de
3,SL Immobilien GmbH,http://www.bahnhof-hoesel.de
4,Stadthaus Kg van Megen Immobilien Reinhold,http://www.vanmegen.de
5,SW-Immobiliengesellschaft mbH Immobilienhandel,http://www.schulte-sohn.net
6,Tectareal Property Management GmbH,http://www.tectareal.de
7,TRI-Invest Immobilien GmbH & Co.KG,http://www.tri-invest.de
8,TRI-Invest Immobilien GmbH & Co.KG,http://www.tri-invest.de
9,van der Meulen Immobilien GmbH,http://www.vandermeulen.de
